id,label
0,14783134 15697333 14854817 14925479
1,15630486 15702410 14718849 15709093
2,14844093 15705739 14854331 15699885
3,15709098 14716590 14924703 14779559
4,14794687 14782344
5,14924216 14781104 14717848 14791612
6,14924216 14781104 14717848 14791612
7,15709098 14716590 14924703 14779559
8,14844093 15705739 14854331 15699885
9,14847385 14844587 14848641 14847398
10,15710359 14847407 14845602 14859696
11,15710359 14847407 14845602 14859696
12,14856354 14844592
13,14783134 15697333 14854817 14925479
14,14924216 14781104 14717848 14791612
15,14856354 14844592
16,14924216 14781104 14717848 14791612
17,14786237 15697082 14722731 14924977
18,14786237 15697082 14722731 14924977
19,14783134 15697333 14854817 14925479
20,15630486 15702410 14718849 15709093
21,14924216 14781104 14717848 14791612
22,14783134 15697333 14854817 14925479
23,14786237 15697082 14722731 14924977
24,14847385 14844587 14848641 14847398
25,14786237 15697082 14722731 14924977
26,14858934 15636660 15704193 14849963
27,15632285 15706536 14721977 14925219
28,14782903 15634620 15638402 15706300
29,14847385 14844587 14848641 14847398
30,14856354 14844592
31,14924216 14781104 14717848 14791612
32,14786237 15697082 14722731 14924977
33,14783134 15697333 14854817 14925479
34,15632285 15706536 14721977 14925219
35,14847385 14844587 14848641 14847398
36,14782903 15634620 15638402 15706300
37,14924216 14781104 14717848 14791612
38,14924216 14781104 14717848 14791612
39,14844093 15705739 14854331 15699885
40,14782903 15634620 15638402 15706300
41,14847385 14844587 14848641 14847398
42,15630486 15702410 14718849 15709093
43,14924216 14781104 14717848 14791612
44,14847385 14844587 14848641 14847398
45,14786237 15697082 14722731 14924977
46,14847385 14844587 14848641 14847398
47,14924216 14781104 14717848 14791612
48,15630486 15702410 14718849 15709093
49,14924216 14781104 14717848 14791612
50,15632285 15706536 14721977 14925219
51,14856354 14844592
52,14786237 15697082 14722731 14924977
53,15632285 15706536 14721977 14925219
54,14783134 15697333 14854817 14925479
55,14856354 14844592
56,15630486 15702410 14718849 15709093
57,14844093 15705739 14854331 15699885
58,14844093 15705739 14854331 15699885
59,14856354 14844592
60,14786237 15697082 14722731 14924977
61,14924216 14781104 14717848 14791612
62,14786237 15697082 14722731 14924977
63,14782903 15634620 15638402 15706300
64,14844593 14924945
65,14783134 15697333 14854817 14925479
66,14794687 14782344
67,14782903 15634620 15638402 15706300
68,14726332 14728344 14854542 14844591
69,14856354 14844592
70,14856354 14844592
71,14783134 15697333 14854817 14925479
72,14924216 14781104 14717848 14791612
73,14783134 15697333 14854817 14925479
74,14847385 14844587 14848641 14847398
75,14844093 15705739 14854331 15699885
76,14786237 15697082 14722731 14924977
77,14782903 15634620 15638402 15706300
78,14786237 15697082 14722731 14924977
79,14924216 14781104 14717848 14791612
80,14856354 14844592
81,14786237 15697082 14722731 14924977
82,14786237 15697082 14722731 14924977
83,14924216 14781104 14717848 14791612
84,14783134 15697333 14854817 14925479
85,14783134 15697333 14854817 14925479
86,14856354 14844592
87,14786237 15697082 14722731 14924977
88,14786237 15697082 14722731 14924977
89,14794687 14782344
90,15630486 15702410 14718849 15709093
91,14786237 15697082 14722731 14924977
92,14924216 14781104 14717848 14791612
93,14858934 15636660 15704193 14849963
94,15710359 14847407 14845602 14859696
95,14924216 14781104 14717848 14791612
96,14783134 15697333 14854817 14925479
97,14783134 15697333 14854817 14925479
98,14786237 15697082 14722731 14924977
99,15709098 14716590 14924703 14779559
100,14783134 15697333 14854817 14925479
101,14924216 14781104 14717848 14791612
102,14924216 14781104 14717848 14791612
103,15710359 14847407 14845602 14859696
104,14856354 14844592
105,14856354 14844592
106,14924216 14781104 14717848 14791612
107,14726332 14728344 14854542 14844591
108,14786237 15697082 14722731 14924977
109,14847385 14844587 14848641 14847398
110,14782903 15634620 15638402 15706300
111,14847385 14844587 14848641 14847398
112,15710359 14847407 14845602 14859696
113,15632285 15706536 14721977 14925219
114,14786237 15697082 14722731 14924977
115,14794687 14782344
116,14844093 15705739 14854331 15699885
117,14786237 15697082 14722731 14924977
118,15710359 14847407 14845602 14859696
119,14847385 14844587 14848641 14847398
120,14844093 15705739 14854331 15699885
121,14844093 15705739 14854331 15699885
122,14783134 15697333 14854817 14925479
123,14783134 15697333 14854817 14925479
124,14783134 15697333 14854817 14925479
125,14786237 15697082 14722731 14924977
126,14924216 14781104 14717848 14791612
127,14844093 15705739 14854331 15699885
128,14924216 14781104 14717848 14791612
129,14856354 14844592
130,14783134 15697333 14854817 14925479
131,14786237 15697082 14722731 14924977
132,14786237 15697082 14722731 14924977
133,14786237 15697082 14722731 14924977
134,14924216 14781104 14717848 14791612
135,14786237 15697082 14722731 14924977
136,14783134 15697333 14854817 14925479
137,14856354 14844592
138,14783134 15697333 14854817 14925479
139,14924216 14781104 14717848 14791612
140,14847385 14844587 14848641 14847398
141,14856354 14844592
142,14786237 15697082 14722731 14924977
143,14782903 15634620 15638402 15706300
144,14847385 14844587 14848641 14847398
145,14782903 15634620 15638402 15706300
146,14786237 15697082 14722731 14924977
147,15630486 15702410 14718849 15709093
148,14847385 14844587 14848641 14847398
149,14847385 14844587 14848641 14847398
150,14847385 14844587 14848641 14847398
151,14786237 15697082 14722731 14924977
152,15632285 15706536 14721977 14925219
153,14847385 14844587 14848641 14847398
154,15630486 15702410 14718849 15709093
155,15630486 15702410 14718849 15709093
156,14844093 15705739 14854331 15699885
157,14847385 14844587 14848641 14847398
158,14924216 14781104 14717848 14791612
159,14783134 15697333 14854817 14925479
160,14847385 14844587 14848641 14847398
161,14783134 15697333 14854817 14925479
162,14856354 14844592
163,15630486 15702410 14718849 15709093
164,14783134 15697333 14854817 14925479
165,14847385 14844587 14848641 14847398
166,14847385 14844587 14848641 14847398
167,14847385 14844587 14848641 14847398
168,14856354 14844592
169,14844593 14924945
170,14844093 15705739 14854331 15699885
171,14924216 14781104 14717848 14791612
172,14924216 14781104 14717848 14791612
173,14783134 15697333 14854817 14925479
174,15632285 15706536 14721977 14925219
175,14794687 14782344
176,14844093 15705739 14854331 15699885
177,14786237 15697082 14722731 14924977
178,14786237 15697082 14722731 14924977
179,14858934 15636660 15704193 14849963
180,14786237 15697082 14722731 14924977
181,14782903 15634620 15638402 15706300
182,14924216 14781104 14717848 14791612
183,14847385 14844587 14848641 14847398
184,14783134 15697333 14854817 14925479
185,14858934 15636660 15704193 14849963
186,14856354 14844592
187,14924216 14781104 14717848 14791612
188,14726332 14728344 14854542 14844591
189,14924216 14781104 14717848 14791612
190,14924216 14781104 14717848 14791612
191,15632285 15706536 14721977 14925219
192,14783134 15697333 14854817 14925479
193,14924216 14781104 14717848 14791612
194,14786237 15697082 14722731 14924977
195,14924216 14781104 14717848 14791612
196,14844093 15705739 14854331 15699885
197,14794687 14782344
198,15630486 15702410 14718849 15709093
199,14847385 14844587 14848641 14847398
200,14847385 14844587 14848641 14847398
201,14924216 14781104 14717848 14791612
202,14794687 14782344
203,15630486 15702410 14718849 15709093
204,14844093 15705739 14854331 15699885
205,15632285 15706536 14721977 14925219
206,14847385 14844587 14848641 14847398
207,14794687 14782344
208,14844093 15705739 14854331 15699885
209,14783134 15697333 14854817 14925479
210,14786237 15697082 14722731 14924977
211,14786237 15697082 14722731 14924977
212,14858934 15636660 15704193 14849963
213,15709098 14716590 14924703 14779559
214,14856354 14844592
215,14786237 15697082 14722731 14924977
216,14924216 14781104 14717848 14791612
217,14924216 14781104 14717848 14791612
218,14794687 14782344
219,14783134 15697333 14854817 14925479
220,14924216 14781104 14717848 14791612
221,14856354 14844592
222,14782903 15634620 15638402 15706300
223,14786237 15697082 14722731 14924977
224,15630486 15702410 14718849 15709093
225,14786237 15697082 14722731 14924977
226,14786237 15697082 14722731 14924977
227,14847385 14844587 14848641 14847398
228,14847385 14844587 14848641 14847398
229,14844093 15705739 14854331 15699885
230,14782903 15634620 15638402 15706300
231,14924216 14781104 14717848 14791612
232,14844093 15705739 14854331 15699885
233,14924216 14781104 14717848 14791612
234,14924216 14781104 14717848 14791612
235,14847385 14844587 14848641 14847398
236,14924216 14781104 14717848 14791612
237,14924216 14781104 14717848 14791612
238,14783134 15697333 14854817 14925479
239,14783134 15697333 14854817 14925479
240,14924216 14781104 14717848 14791612
241,14783134 15697333 14854817 14925479
242,14786237 15697082 14722731 14924977
243,15710359 14847407 14845602 14859696
244,14847385 14844587 14848641 14847398
245,14783134 15697333 14854817 14925479
246,14856354 14844592
247,14924216 14781104 14717848 14791612
248,14924216 14781104 14717848 14791612
249,14924216 14781104 14717848 14791612
250,14924216 14781104 14717848 14791612
251,15632285 15706536 14721977 14925219
252,14786237 15697082 14722731 14924977
253,15630486 15702410 14718849 15709093
254,14847385 14844587 14848641 14847398
255,14786237 15697082 14722731 14924977
256,14794687 14782344
257,14924216 14781104 14717848 14791612
258,14783134 15697333 14854817 14925479
259,14856354 14844592
260,14783134 15697333 14854817 14925479
261,14783134 15697333 14854817 14925479
262,14924216 14781104 14717848 14791612
263,14844093 15705739 14854331 15699885
264,15630486 15702410 14718849 15709093
265,14847385 14844587 14848641 14847398
266,14786237 15697082 14722731 14924977
267,14856354 14844592
268,14794687 14782344
269,14786237 15697082 14722731 14924977
270,14847385 14844587 14848641 14847398
271,14856354 14844592
272,14783134 15697333 14854817 14925479
273,14844093 15705739 14854331 15699885
274,14786237 15697082 14722731 14924977
275,14924216 14781104 14717848 14791612
276,14924216 14781104 14717848 14791612
277,14782903 15634620 15638402 15706300
278,14924216 14781104 14717848 14791612
279,14726332 14728344 14854542 14844591
280,14783134 15697333 14854817 14925479
281,14786237 15697082 14722731 14924977
282,14847385 14844587 14848641 14847398
283,14786237 15697082 14722731 14924977
284,14786237 15697082 14722731 14924977
285,14924216 14781104 14717848 14791612
286,14844093 15705739 14854331 15699885
287,15632285 15706536 14721977 14925219
288,14844093 15705739 14854331 15699885
289,15632285 15706536 14721977 14925219
290,14924216 14781104 14717848 14791612
291,14924216 14781104 14717848 14791612
292,14786237 15697082 14722731 14924977
293,14924216 14781104 14717848 14791612
294,14783134 15697333 14854817 14925479
295,15632285 15706536 14721977 14925219
296,14924216 14781104 14717848 14791612
297,14847385 14844587 14848641 14847398
298,15632285 15706536 14721977 14925219
299,14783134 15697333 14854817 14925479
300,14782903 15634620 15638402 15706300
301,15630486 15702410 14718849 15709093
302,14924216 14781104 14717848 14791612
303,14783134 15697333 14854817 14925479
304,14924216 14781104 14717848 14791612
305,14786237 15697082 14722731 14924977
306,14786237 15697082 14722731 14924977
307,14726332 14728344 14854542 14844591
308,14786237 15697082 14722731 14924977
309,14786237 15697082 14722731 14924977
310,14924216 14781104 14717848 14791612
311,14924216 14781104 14717848 14791612
312,15630486 15702410 14718849 15709093
313,14856354 14844592
314,14847385 14844587 14848641 14847398
315,14783134 15697333 14854817 14925479
316,14786237 15697082 14722731 14924977
317,14786237 15697082 14722731 14924977
318,14783134 15697333 14854817 14925479
319,14782903 15634620 15638402 15706300
320,14856354 14844592
321,14858934 15636660 15704193 14849963
322,15632285 15706536 14721977 14925219
323,14844093 15705739 14854331 15699885
324,14786237 15697082 14722731 14924977
325,14847385 14844587 14848641 14847398
326,14847385 14844587 14848641 14847398
327,14856354 14844592
328,14847385 14844587 14848641 14847398
329,14786237 15697082 14722731 14924977
330,15630486 15702410 14718849 15709093
331,14858934 15636660 15704193 14849963
332,14786237 15697082 14722731 14924977
333,14786237 15697082 14722731 14924977
334,14856354 14844592
335,14924216 14781104 14717848 14791612
336,14782903 15634620 15638402 15706300
337,15709098 14716590 14924703 14779559
338,14794687 14782344
339,14847385 14844587 14848641 14847398
340,14783134 15697333 14854817 14925479
341,14924216 14781104 14717848 14791612
342,14924216 14781104 14717848 14791612
343,14924216 14781104 14717848 14791612
344,14786237 15697082 14722731 14924977
345,15710359 14847407 14845602 14859696
346,14924216 14781104 14717848 14791612
347,15710359 14847407 14845602 14859696
348,15632285 15706536 14721977 14925219
349,14782903 15634620 15638402 15706300
350,15630486 15702410 14718849 15709093
351,14924216 14781104 14717848 14791612
352,15632285 15706536 14721977 14925219
353,14794687 14782344
354,15630486 15702410 14718849 15709093
355,14924216 14781104 14717848 14791612
356,15630486 15702410 14718849 15709093
357,14786237 15697082 14722731 14924977
358,14856354 14844592
359,14924216 14781104 14717848 14791612
360,14924216 14781104 14717848 14791612
361,14783134 15697333 14854817 14925479
362,14847385 14844587 14848641 14847398
363,14783134 15697333 14854817 14925479
364,14786237 15697082 14722731 14924977
365,14847385 14844587 14848641 14847398
366,14783134 15697333 14854817 14925479
367,14783134 15697333 14854817 14925479
368,14786237 15697082 14722731 14924977
369,14786237 15697082 14722731 14924977
370,14858934 15636660 15704193 14849963
371,14786237 15697082 14722731 14924977
372,14786237 15697082 14722731 14924977
373,14783134 15697333 14854817 14925479
374,14924216 14781104 14717848 14791612
375,14844093 15705739 14854331 15699885
376,14786237 15697082 14722731 14924977
377,14856354 14844592
378,14844093 15705739 14854331 15699885
379,14794687 14782344
380,14783134 15697333 14854817 14925479
381,15710359 14847407 14845602 14859696
382,15632285 15706536 14721977 14925219
383,14786237 15697082 14722731 14924977
384,14794687 14782344
385,14783134 15697333 14854817 14925479
386,14924216 14781104 14717848 14791612
387,14782903 15634620 15638402 15706300
388,14858934 15636660 15704193 14849963
389,14856354 14844592
390,14924216 14781104 14717848 14791612
391,14726332 14728344 14854542 14844591
392,14856354 14844592
393,14924216 14781104 14717848 14791612
394,14847385 14844587 14848641 14847398
395,14783134 15697333 14854817 14925479
396,14786237 15697082 14722731 14924977
397,14858934 15636660 15704193 14849963
398,15710359 14847407 14845602 14859696
399,14783134 15697333 14854817 14925479
400,14924216 14781104 14717848 14791612
401,15709098 14716590 14924703 14779559
402,14783134 15697333 14854817 14925479
403,14925756 15639967 14853254 14728639
404,14844593 14924945
405,14924216 14781104 14717848 14791612
406,14844093 15705739 14854331 15699885
407,14783134 15697333 14854817 14925479
408,14783134 15697333 14854817 14925479
409,14726332 14728344 14854542 14844591
410,15630486 15702410 14718849 15709093
411,14786237 15697082 14722731 14924977
412,14782903 15634620 15638402 15706300
413,14844093 15705739 14854331 15699885
414,14783134 15697333 14854817 14925479
415,14858934 15636660 15704193 14849963
416,14783134 15697333 14854817 14925479
417,15632285 15706536 14721977 14925219
418,15630486 15702410 14718849 15709093
419,14794687 14782344
420,14783134 15697333 14854817 14925479
421,14786237 15697082 14722731 14924977
422,14844093 15705739 14854331 15699885
423,14924216 14781104 14717848 14791612
424,15630486 15702410 14718849 15709093
425,14783134 15697333 14854817 14925479
426,14786237 15697082 14722731 14924977
427,14786237 15697082 14722731 14924977
428,14794687 14782344
429,14847385 14844587 14848641 14847398
430,14783134 15697333 14854817 14925479
431,14844093 15705739 14854331 15699885
432,14786237 15697082 14722731 14924977
433,15630486 15702410 14718849 15709093
434,14794687 14782344
435,14847385 14844587 14848641 14847398
436,14783134 15697333 14854817 14925479
437,14786237 15697082 14722731 14924977
438,14786237 15697082 14722731 14924977
439,14924216 14781104 14717848 14791612
440,14794687 14782344
441,14783134 15697333 14854817 14925479
442,15630486 15702410 14718849 15709093
443,14844093 15705739 14854331 15699885
444,14786237 15697082 14722731 14924977
445,14783134 15697333 14854817 14925479
446,15630486 15702410 14718849 15709093
447,14924216 14781104 14717848 14791612
448,14856354 14844592
449,14924216 14781104 14717848 14791612
450,14786237 15697082 14722731 14924977
451,14786237 15697082 14722731 14924977
452,14786237 15697082 14722731 14924977
453,14924216 14781104 14717848 14791612
454,14783134 15697333 14854817 14925479
455,15630486 15702410 14718849 15709093
456,14794687 14782344
457,14847385 14844587 14848641 14847398
458,14786237 15697082 14722731 14924977
459,14794687 14782344
460,14844093 15705739 14854331 15699885
461,14847385 14844587 14848641 14847398
462,14844093 15705739 14854331 15699885
463,14786237 15697082 14722731 14924977
464,15630486 15702410 14718849 15709093
465,14794687 14782344
466,14858934 15636660 15704193 14849963
467,14783134 15697333 14854817 14925479
468,14726332 14728344 14854542 14844591
469,15632285 15706536 14721977 14925219
470,14847385 14844587 14848641 14847398
471,14783134 15697333 14854817 14925479
472,14794687 14782344
473,14924216 14781104 14717848 14791612
474,14924216 14781104 14717848 14791612
475,14844093 15705739 14854331 15699885
476,15630486 15702410 14718849 15709093
477,14786237 15697082 14722731 14924977
478,14783134 15697333 14854817 14925479
479,14924216 14781104 14717848 14791612
480,14794687 14782344
481,14847385 14844587 14848641 14847398
482,14924216 14781104 14717848 14791612
483,14786237 15697082 14722731 14924977
484,14783134 15697333 14854817 14925479
485,14924216 14781104 14717848 14791612
486,14782903 15634620 15638402 15706300
487,14924216 14781104 14717848 14791612
488,14786237 15697082 14722731 14924977
489,14924216 14781104 14717848 14791612
490,14844093 15705739 14854331 15699885
491,14924216 14781104 14717848 14791612
492,14844093 15705739 14854331 15699885
493,14782903 15634620 15638402 15706300
494,14786237 15697082 14722731 14924977
495,14783134 15697333 14854817 14925479
496,14924216 14781104 14717848 14791612
497,14844093 15705739 14854331 15699885
498,14847385 14844587 14848641 14847398
499,14924216 14781104 14717848 14791612
500,14786237 15697082 14722731 14924977
501,14782903 15634620 15638402 15706300
502,14786237 15697082 14722731 14924977
503,14794687 14782344
504,14847385 14844587 14848641 14847398
505,14924216 14781104 14717848 14791612
506,15709098 14716590 14924703 14779559
507,14786237 15697082 14722731 14924977
508,15709098 14716590 14924703 14779559
509,15709098 14716590 14924703 14779559
510,14924216 14781104 14717848 14791612
511,14786237 15697082 14722731 14924977
512,14844093 15705739 14854331 15699885
513,15630486 15702410 14718849 15709093
514,14856354 14844592
515,14786237 15697082 14722731 14924977
516,14924216 14781104 14717848 14791612
517,14856354 14844592
518,14924216 14781104 14717848 14791612
519,14783134 15697333 14854817 14925479
520,14924216 14781104 14717848 14791612
521,14786237 15697082 14722731 14924977
522,14847385 14844587 14848641 14847398
523,14847385 14844587 14848641 14847398
524,14856354 14844592
525,15632285 15706536 14721977 14925219
526,14783134 15697333 14854817 14925479
527,14786237 15697082 14722731 14924977
528,14924216 14781104 14717848 14791612
529,15632285 15706536 14721977 14925219
530,14847385 14844587 14848641 14847398
531,14786237 15697082 14722731 14924977
532,14844093 15705739 14854331 15699885
533,14847385 14844587 14848641 14847398
534,14856354 14844592
535,14786237 15697082 14722731 14924977
536,14786237 15697082 14722731 14924977
537,15632285 15706536 14721977 14925219
538,14786237 15697082 14722731 14924977
539,14847385 14844587 14848641 14847398
540,14858934 15636660 15704193 14849963
541,14847385 14844587 14848641 14847398
542,14794687 14782344
543,14786237 15697082 14722731 14924977
544,14847385 14844587 14848641 14847398
545,14783134 15697333 14854817 14925479
546,15630486 15702410 14718849 15709093
547,14844093 15705739 14854331 15699885
548,14782903 15634620 15638402 15706300
549,14844093 15705739 14854331 15699885
550,14786237 15697082 14722731 14924977
551,14786237 15697082 14722731 14924977
552,14844093 15705739 14854331 15699885
553,14858934 15636660 15704193 14849963
554,14924216 14781104 14717848 14791612
555,14847385 14844587 14848641 14847398
556,14783134 15697333 14854817 14925479
557,14924216 14781104 14717848 14791612
558,14924216 14781104 14717848 14791612
559,14783134 15697333 14854817 14925479
560,14794687 14782344
561,14783134 15697333 14854817 14925479
562,15630486 15702410 14718849 15709093
563,14726332 14728344 14854542 14844591
564,14924216 14781104 14717848 14791612
565,14856354 14844592
566,14924216 14781104 14717848 14791612
567,14786237 15697082 14722731 14924977
568,14786237 15697082 14722731 14924977
569,14924216 14781104 14717848 14791612
570,14786237 15697082 14722731 14924977
571,14786237 15697082 14722731 14924977
572,14856354 14844592
573,15630486 15702410 14718849 15709093
574,14786237 15697082 14722731 14924977
575,14924216 14781104 14717848 14791612
576,14783134 15697333 14854817 14925479
577,14856354 14844592
578,14847385 14844587 14848641 14847398
579,14924216 14781104 14717848 14791612
580,14924216 14781104 14717848 14791612
581,14924216 14781104 14717848 14791612
582,14858934 15636660 15704193 14849963
583,14786237 15697082 14722731 14924977
584,14924216 14781104 14717848 14791612
585,14844093 15705739 14854331 15699885
586,14925756 15639967 14853254 14728639
587,14794687 14782344
588,14924216 14781104 14717848 14791612
589,14924216 14781104 14717848 14791612
590,14783134 15697333 14854817 14925479
591,14783134 15697333 14854817 14925479
592,14794687 14782344
593,14782903 15634620 15638402 15706300
594,15632285 15706536 14721977 14925219
595,15710359 14847407 14845602 14859696
596,14726332 14728344 14854542 14844591
597,14783134 15697333 14854817 14925479
598,14786237 15697082 14722731 14924977
599,14924216 14781104 14717848 14791612
600,14847385 14844587 14848641 14847398
601,14726332 14728344 14854542 14844591
602,14924216 14781104 14717848 14791612
603,14924216 14781104 14717848 14791612
604,14786237 15697082 14722731 14924977
605,14924216 14781104 14717848 14791612
606,14786237 15697082 14722731 14924977
607,15630486 15702410 14718849 15709093
608,14844093 15705739 14854331 15699885
609,14844093 15705739 14854331 15699885
610,15632285 15706536 14721977 14925219
611,14924216 14781104 14717848 14791612
612,15630486 15702410 14718849 15709093
613,14786237 15697082 14722731 14924977
614,14924216 14781104 14717848 14791612
615,14786237 15697082 14722731 14924977
616,14786237 15697082 14722731 14924977
617,14856354 14844592
618,14924216 14781104 14717848 14791612
619,14924216 14781104 14717848 14791612
620,14786237 15697082 14722731 14924977
621,14844093 15705739 14854331 15699885
622,14786237 15697082 14722731 14924977
623,14794687 14782344
624,14786237 15697082 14722731 14924977
625,14783134 15697333 14854817 14925479
626,14844093 15705739 14854331 15699885
627,14794687 14782344
628,14786237 15697082 14722731 14924977
629,14856354 14844592
630,14844093 15705739 14854331 15699885
631,14924216 14781104 14717848 14791612
632,14783134 15697333 14854817 14925479
633,14847385 14844587 14848641 14847398
634,14856354 14844592
635,14786237 15697082 14722731 14924977
636,14726332 14728344 14854542 14844591
637,14783134 15697333 14854817 14925479
638,14847385 14844587 14848641 14847398
639,14786237 15697082 14722731 14924977
640,14844093 15705739 14854331 15699885
641,14924216 14781104 14717848 14791612
642,14847385 14844587 14848641 14847398
643,14924216 14781104 14717848 14791612
644,14856354 14844592
645,14856354 14844592
646,15632285 15706536 14721977 14925219
647,14786237 15697082 14722731 14924977
648,14844093 15705739 14854331 15699885
649,14794687 14782344
650,15709098 14716590 14924703 14779559
651,14786237 15697082 14722731 14924977
652,14924216 14781104 14717848 14791612
653,14924216 14781104 14717848 14791612
654,14924216 14781104 14717848 14791612
655,14924216 14781104 14717848 14791612
656,14856354 14844592
657,14782903 15634620 15638402 15706300
658,14786237 15697082 14722731 14924977
659,14786237 15697082 14722731 14924977
660,14924216 14781104 14717848 14791612
661,14847385 14844587 14848641 14847398
662,14794687 14782344
663,14847385 14844587 14848641 14847398
664,15632285 15706536 14721977 14925219
665,14783134 15697333 14854817 14925479
666,14925756 15639967 14853254 14728639
667,14924216 14781104 14717848 14791612
668,14783134 15697333 14854817 14925479
669,14782903 15634620 15638402 15706300
670,14786237 15697082 14722731 14924977
671,15630486 15702410 14718849 15709093
672,14925756 15639967 14853254 14728639
673,14794687 14782344
674,14844093 15705739 14854331 15699885
675,14794687 14782344
676,14856354 14844592
677,14786237 15697082 14722731 14924977
678,14844093 15705739 14854331 15699885
679,14844593 14924945
680,14783134 15697333 14854817 14925479
681,14856354 14844592
682,14783134 15697333 14854817 14925479
683,14847385 14844587 14848641 14847398
684,14847385 14844587 14848641 14847398
685,14847385 14844587 14848641 14847398
686,14782903 15634620 15638402 15706300
687,15632285 15706536 14721977 14925219
688,14844856 14724258 14925237 14854807
689,14786237 15697082 14722731 14924977
690,14782903 15634620 15638402 15706300
691,14924216 14781104 14717848 14791612
692,14786237 15697082 14722731 14924977
693,14786237 15697082 14722731 14924977
694,15710359 14847407 14845602 14859696
695,14924216 14781104 14717848 14791612
696,14782903 15634620 15638402 15706300
697,14856354 14844592
698,14783134 15697333 14854817 14925479
699,14847385 14844587 14848641 14847398
700,14847385 14844587 14848641 14847398
701,14924216 14781104 14717848 14791612
702,14783134 15697333 14854817 14925479
703,14924216 14781104 14717848 14791612
704,14786237 15697082 14722731 14924977
705,14783134 15697333 14854817 14925479
706,14844093 15705739 14854331 15699885
707,14844093 15705739 14854331 15699885
708,14786237 15697082 14722731 14924977
709,14856354 14844592
710,14924216 14781104 14717848 14791612
711,14794687 14782344
712,15632285 15706536 14721977 14925219
713,14786237 15697082 14722731 14924977
714,15710359 14847407 14845602 14859696
715,14924216 14781104 14717848 14791612
716,14786237 15697082 14722731 14924977
717,14786237 15697082 14722731 14924977
718,14782903 15634620 15638402 15706300
719,14783134 15697333 14854817 14925479
720,14783134 15697333 14854817 14925479
721,14924216 14781104 14717848 14791612
722,14783134 15697333 14854817 14925479
723,14847385 14844587 14848641 14847398
724,14794687 14782344
725,14786237 15697082 14722731 14924977
726,14794687 14782344
727,14786237 15697082 14722731 14924977
728,14924216 14781104 14717848 14791612
729,15630486 15702410 14718849 15709093
730,14924216 14781104 14717848 14791612
731,14786237 15697082 14722731 14924977
732,14783134 15697333 14854817 14925479
733,14924216 14781104 14717848 14791612
734,14858934 15636660 15704193 14849963
735,14856354 14844592
736,14786237 15697082 14722731 14924977
737,14783134 15697333 14854817 14925479
738,14858934 15636660 15704193 14849963
739,14783134 15697333 14854817 14925479
740,14786237 15697082 14722731 14924977
741,14786237 15697082 14722731 14924977
742,14844093 15705739 14854331 15699885
743,15630486 15702410 14718849 15709093
744,14847385 14844587 14848641 14847398
745,14783134 15697333 14854817 14925479
746,14783134 15697333 14854817 14925479
747,14786237 15697082 14722731 14924977
748,14786237 15697082 14722731 14924977
749,14783134 15697333 14854817 14925479
750,14924216 14781104 14717848 14791612
751,14783134 15697333 14854817 14925479
752,14856354 14844592
753,14847385 14844587 14848641 14847398
754,14786237 15697082 14722731 14924977
755,14856354 14844592
756,14847385 14844587 14848641 14847398
757,14844093 15705739 14854331 15699885
758,14924216 14781104 14717848 14791612
759,15632285 15706536 14721977 14925219
760,14783134 15697333 14854817 14925479
761,14782903 15634620 15638402 15706300
762,14786237 15697082 14722731 14924977
763,14844593 14924945
764,14924216 14781104 14717848 14791612
765,14786237 15697082 14722731 14924977
766,14856354 14844592
767,14786237 15697082 14722731 14924977
768,14783134 15697333 14854817 14925479
769,14924216 14781104 14717848 14791612
770,15710359 14847407 14845602 14859696
771,14783134 15697333 14854817 14925479
772,14847385 14844587 14848641 14847398
773,14924216 14781104 14717848 14791612
774,14924216 14781104 14717848 14791612
775,14844093 15705739 14854331 15699885
776,15630486 15702410 14718849 15709093
777,14847385 14844587 14848641 14847398
778,14847385 14844587 14848641 14847398
779,15630486 15702410 14718849 15709093
780,15632285 15706536 14721977 14925219
781,15632285 15706536 14721977 14925219
782,14786237 15697082 14722731 14924977
783,14786237 15697082 14722731 14924977
784,14847385 14844587 14848641 14847398
785,14924216 14781104 14717848 14791612
786,14786237 15697082 14722731 14924977
787,14783134 15697333 14854817 14925479
788,14847385 14844587 14848641 14847398
789,14924216 14781104 14717848 14791612
790,15709098 14716590 14924703 14779559
791,14783134 15697333 14854817 14925479
792,15710359 14847407 14845602 14859696
793,14783134 15697333 14854817 14925479
794,14783134 15697333 14854817 14925479
795,14847385 14844587 14848641 14847398
796,14847385 14844587 14848641 14847398
797,14847385 14844587 14848641 14847398
798,14924216 14781104 14717848 14791612
799,15709098 14716590 14924703 14779559
800,14856354 14844592
801,14847385 14844587 14848641 14847398
802,14924216 14781104 14717848 14791612
803,14847385 14844587 14848641 14847398
804,14786237 15697082 14722731 14924977
805,14782903 15634620 15638402 15706300
806,15630486 15702410 14718849 15709093
807,14856354 14844592
808,14856354 14844592
809,14783134 15697333 14854817 14925479
810,14924216 14781104 14717848 14791612
811,15632285 15706536 14721977 14925219
812,14794687 14782344
813,14844093 15705739 14854331 15699885
814,14786237 15697082 14722731 14924977
815,14856354 14844592
816,14924216 14781104 14717848 14791612
817,14856354 14844592
818,14924216 14781104 14717848 14791612
819,14844093 15705739 14854331 15699885
820,14858934 15636660 15704193 14849963
821,14924216 14781104 14717848 14791612
822,14924216 14781104 14717848 14791612
823,15632285 15706536 14721977 14925219
824,14786237 15697082 14722731 14924977
825,14924216 14781104 14717848 14791612
826,14847385 14844587 14848641 14847398
827,14794687 14782344
828,14844093 15705739 14854331 15699885
829,14924216 14781104 14717848 14791612
830,14856354 14844592
831,14858934 15636660 15704193 14849963
832,14783134 15697333 14854817 14925479
833,14924216 14781104 14717848 14791612
834,14844593 14924945
835,14847385 14844587 14848641 14847398
836,15632285 15706536 14721977 14925219
837,14786237 15697082 14722731 14924977
838,14786237 15697082 14722731 14924977
839,14856354 14844592
840,14786237 15697082 14722731 14924977
841,14786237 15697082 14722731 14924977
842,14782903 15634620 15638402 15706300
843,15632285 15706536 14721977 14925219
844,14856354 14844592
845,14786237 15697082 14722731 14924977
846,15630486 15702410 14718849 15709093
847,14782903 15634620 15638402 15706300
848,15709098 14716590 14924703 14779559
849,15630486 15702410 14718849 15709093
850,14786237 15697082 14722731 14924977
851,14924216 14781104 14717848 14791612
852,14782903 15634620 15638402 15706300
853,14783134 15697333 14854817 14925479
854,15632285 15706536 14721977 14925219
855,14794687 14782344
856,14924216 14781104 14717848 14791612
857,14844093 15705739 14854331 15699885
858,15710359 14847407 14845602 14859696
859,14782903 15634620 15638402 15706300
860,14786237 15697082 14722731 14924977
861,14924216 14781104 14717848 14791612
862,14844856 14724258 14925237 14854807
863,14786237 15697082 14722731 14924977
864,14925756 15639967 14853254 14728639
865,14844093 15705739 14854331 15699885
866,14844093 15705739 14854331 15699885
867,14782903 15634620 15638402 15706300
868,14786237 15697082 14722731 14924977
869,14726332 14728344 14854542 14844591
870,14844093 15705739 14854331 15699885
871,14783134 15697333 14854817 14925479
872,15632285 15706536 14721977 14925219
873,14856354 14844592
874,14856354 14844592
875,14924216 14781104 14717848 14791612
876,14786237 15697082 14722731 14924977
877,14844093 15705739 14854331 15699885
878,14924216 14781104 14717848 14791612
879,14924216 14781104 14717848 14791612
880,14786237 15697082 14722731 14924977
881,14856354 14844592
882,14782903 15634620 15638402 15706300
883,14783134 15697333 14854817 14925479
884,14782903 15634620 15638402 15706300
885,14858934 15636660 15704193 14849963
886,14844093 15705739 14854331 15699885
887,15632285 15706536 14721977 14925219
888,14786237 15697082 14722731 14924977
889,14847385 14844587 14848641 14847398
890,14782903 15634620 15638402 15706300
891,14847385 14844587 14848641 14847398
892,14924216 14781104 14717848 14791612
893,14844093 15705739 14854331 15699885
894,15632285 15706536 14721977 14925219
895,14783134 15697333 14854817 14925479
896,15710359 14847407 14845602 14859696
897,15630486 15702410 14718849 15709093
898,14786237 15697082 14722731 14924977
899,15632285 15706536 14721977 14925219
900,14783134 15697333 14854817 14925479
901,14786237 15697082 14722731 14924977
902,14844093 15705739 14854331 15699885
903,14786237 15697082 14722731 14924977
904,14786237 15697082 14722731 14924977
905,14786237 15697082 14722731 14924977
906,14924216 14781104 14717848 14791612
907,14847385 14844587 14848641 14847398
908,14844093 15705739 14854331 15699885
909,14844593 14924945
910,14786237 15697082 14722731 14924977
911,14858934 15636660 15704193 14849963
912,14924216 14781104 14717848 14791612
913,15710359 14847407 14845602 14859696
914,14782903 15634620 15638402 15706300
915,14782903 15634620 15638402 15706300
916,14783134 15697333 14854817 14925479
917,14844093 15705739 14854331 15699885
918,14782903 15634620 15638402 15706300
919,14783134 15697333 14854817 14925479
920,14794687 14782344
921,14794687 14782344
922,14847385 14844587 14848641 14847398
923,14924216 14781104 14717848 14791612
924,15632285 15706536 14721977 14925219
925,14794687 14782344
926,14924216 14781104 14717848 14791612
927,14844093 15705739 14854331 15699885
928,14786237 15697082 14722731 14924977
929,14844093 15705739 14854331 15699885
930,15710359 14847407 14845602 14859696
931,14856354 14844592
932,15632285 15706536 14721977 14925219
933,15630486 15702410 14718849 15709093
934,14783134 15697333 14854817 14925479
935,14924216 14781104 14717848 14791612
936,14847385 14844587 14848641 14847398
937,14858934 15636660 15704193 14849963
938,14924216 14781104 14717848 14791612
939,14844593 14924945
940,14783134 15697333 14854817 14925479
941,14783134 15697333 14854817 14925479
942,14844093 15705739 14854331 15699885
943,14786237 15697082 14722731 14924977
944,14783134 15697333 14854817 14925479
945,14786237 15697082 14722731 14924977
946,14856354 14844592
947,14786237 15697082 14722731 14924977
948,14856354 14844592
949,14924216 14781104 14717848 14791612
950,14847385 14844587 14848641 14847398
951,14844093 15705739 14854331 15699885
952,14847385 14844587 14848641 14847398
953,14783134 15697333 14854817 14925479
954,15632285 15706536 14721977 14925219
955,14783134 15697333 14854817 14925479
956,14786237 15697082 14722731 14924977
957,14844093 15705739 14854331 15699885
958,14786237 15697082 14722731 14924977
959,14924216 14781104 14717848 14791612
960,14844093 15705739 14854331 15699885
961,14847385 14844587 14848641 14847398
962,14847385 14844587 14848641 14847398
963,14856354 14844592
964,15632285 15706536 14721977 14925219
965,14858934 15636660 15704193 14849963
966,14924216 14781104 14717848 14791612
967,14783134 15697333 14854817 14925479
968,15709098 14716590 14924703 14779559
969,14856354 14844592
970,15630486 15702410 14718849 15709093
971,14783134 15697333 14854817 14925479
972,14924216 14781104 14717848 14791612
973,15630486 15702410 14718849 15709093
974,14786237 15697082 14722731 14924977
975,15630486 15702410 14718849 15709093
976,15632285 15706536 14721977 14925219
977,14786237 15697082 14722731 14924977
978,14856354 14844592
979,14783134 15697333 14854817 14925479
980,14783134 15697333 14854817 14925479
981,14786237 15697082 14722731 14924977
982,15710359 14847407 14845602 14859696
983,14856354 14844592
984,14844093 15705739 14854331 15699885
985,15632285 15706536 14721977 14925219
986,14844093 15705739 14854331 15699885
987,15630486 15702410 14718849 15709093
988,14783134 15697333 14854817 14925479
989,14924216 14781104 14717848 14791612
990,14847385 14844587 14848641 14847398
991,14783134 15697333 14854817 14925479
992,14844093 15705739 14854331 15699885
993,14847385 14844587 14848641 14847398
994,15630486 15702410 14718849 15709093
995,14856354 14844592
996,15632285 15706536 14721977 14925219
997,15709098 14716590 14924703 14779559
998,14856354 14844592
999,14856354 14844592
1000,14924216 14781104 14717848 14791612
1001,14844093 15705739 14854331 15699885
1002,14786237 15697082 14722731 14924977
1003,14782903 15634620 15638402 15706300
1004,15710359 14847407 14845602 14859696
1005,14924216 14781104 14717848 14791612
1006,14783134 15697333 14854817 14925479
1007,14858934 15636660 15704193 14849963
1008,14783134 15697333 14854817 14925479
1009,14794687 14782344
1010,14783134 15697333 14854817 14925479
1011,14786237 15697082 14722731 14924977
1012,14786237 15697082 14722731 14924977
1013,14783134 15697333 14854817 14925479
1014,14924216 14781104 14717848 14791612
1015,14856354 14844592
1016,14847385 14844587 14848641 14847398
1017,14924216 14781104 14717848 14791612
1018,14786237 15697082 14722731 14924977
1019,14924216 14781104 14717848 14791612
1020,14783134 15697333 14854817 14925479
1021,14786237 15697082 14722731 14924977
1022,14783134 15697333 14854817 14925479
1023,14856354 14844592
1024,14794687 14782344
1025,15709098 14716590 14924703 14779559
1026,14844093 15705739 14854331 15699885
1027,15630486 15702410 14718849 15709093
1028,14847385 14844587 14848641 14847398
1029,14924216 14781104 14717848 14791612
1030,14782903 15634620 15638402 15706300
1031,14786237 15697082 14722731 14924977
1032,14847385 14844587 14848641 14847398
1033,14847385 14844587 14848641 14847398
1034,14783134 15697333 14854817 14925479
1035,14783134 15697333 14854817 14925479
1036,14924216 14781104 14717848 14791612
1037,14786237 15697082 14722731 14924977
1038,14924216 14781104 14717848 14791612
1039,15710359 14847407 14845602 14859696
1040,14786237 15697082 14722731 14924977
1041,14783134 15697333 14854817 14925479
1042,14856354 14844592
1043,14856354 14844592
1044,14794687 14782344
1045,15632285 15706536 14721977 14925219
1046,15632285 15706536 14721977 14925219
1047,14786237 15697082 14722731 14924977
1048,14783134 15697333 14854817 14925479
1049,14924216 14781104 14717848 14791612
1050,14858934 15636660 15704193 14849963
1051,14924216 14781104 14717848 14791612
1052,15632285 15706536 14721977 14925219
1053,14783134 15697333 14854817 14925479
1054,14844093 15705739 14854331 15699885
1055,14783134 15697333 14854817 14925479
1056,14786237 15697082 14722731 14924977
1057,14924216 14781104 14717848 14791612
1058,14782903 15634620 15638402 15706300
1059,14924216 14781104 14717848 14791612
1060,14786237 15697082 14722731 14924977
1061,14856354 14844592
1062,14844093 15705739 14854331 15699885
1063,14858934 15636660 15704193 14849963
1064,15630486 15702410 14718849 15709093
1065,14782903 15634620 15638402 15706300
1066,14924216 14781104 14717848 14791612
1067,15710359 14847407 14845602 14859696
1068,14844093 15705739 14854331 15699885
1069,14726332 14728344 14854542 14844591
1070,14844093 15705739 14854331 15699885
1071,15632285 15706536 14721977 14925219
1072,14847385 14844587 14848641 14847398
1073,14786237 15697082 14722731 14924977
1074,14786237 15697082 14722731 14924977
1075,14783134 15697333 14854817 14925479
1076,14847385 14844587 14848641 14847398
1077,14782903 15634620 15638402 15706300
1078,14924216 14781104 14717848 14791612
1079,14924216 14781104 14717848 14791612
1080,14786237 15697082 14722731 14924977
1081,15630486 15702410 14718849 15709093
1082,15630486 15702410 14718849 15709093
1083,14924216 14781104 14717848 14791612
1084,15632285 15706536 14721977 14925219
1085,14858934 15636660 15704193 14849963
1086,14924216 14781104 14717848 14791612
1087,14858934 15636660 15704193 14849963
1088,14783134 15697333 14854817 14925479
1089,14924216 14781104 14717848 14791612
1090,14924216 14781104 14717848 14791612
1091,14794687 14782344
1092,14858934 15636660 15704193 14849963
1093,14783134 15697333 14854817 14925479
1094,14924216 14781104 14717848 14791612
1095,15630486 15702410 14718849 15709093
1096,14783134 15697333 14854817 14925479
1097,14786237 15697082 14722731 14924977
1098,14856354 14844592
1099,14856354 14844592
1100,14856354 14844592
1101,15710359 14847407 14845602 14859696
1102,14847385 14844587 14848641 14847398
1103,14844093 15705739 14854331 15699885
1104,14783134 15697333 14854817 14925479
1105,14924216 14781104 14717848 14791612
1106,14924216 14781104 14717848 14791612
1107,14847385 14844587 14848641 14847398
1108,14924216 14781104 14717848 14791612
1109,14844093 15705739 14854331 15699885
1110,14856354 14844592
1111,14924216 14781104 14717848 14791612
1112,14924216 14781104 14717848 14791612
1113,14783134 15697333 14854817 14925479
1114,14844093 15705739 14854331 15699885
1115,14858934 15636660 15704193 14849963
1116,14794687 14782344
1117,14783134 15697333 14854817 14925479
1118,14794687 14782344
1119,14924216 14781104 14717848 14791612
1120,15632285 15706536 14721977 14925219
1121,14856354 14844592
1122,15709098 14716590 14924703 14779559
1123,14856354 14844592
1124,14856354 14844592
1125,14782903 15634620 15638402 15706300
1126,14783134 15697333 14854817 14925479
1127,14786237 15697082 14722731 14924977
1128,14786237 15697082 14722731 14924977
1129,14858934 15636660 15704193 14849963
1130,14783134 15697333 14854817 14925479
1131,14925756 15639967 14853254 14728639
1132,14924216 14781104 14717848 14791612
1133,14786237 15697082 14722731 14924977
1134,14924216 14781104 14717848 14791612
1135,15630486 15702410 14718849 15709093
1136,14847385 14844587 14848641 14847398
1137,14924216 14781104 14717848 14791612
1138,14924216 14781104 14717848 14791612
1139,14924216 14781104 14717848 14791612
1140,15632285 15706536 14721977 14925219
1141,15630486 15702410 14718849 15709093
1142,14786237 15697082 14722731 14924977
1143,15630486 15702410 14718849 15709093
1144,14783134 15697333 14854817 14925479
1145,14856354 14844592
1146,14856354 14844592
1147,14856354 14844592
1148,14786237 15697082 14722731 14924977
1149,14858934 15636660 15704193 14849963
1150,14847385 14844587 14848641 14847398
1151,14924216 14781104 14717848 14791612
1152,14924216 14781104 14717848 14791612
1153,15632285 15706536 14721977 14925219
1154,14847385 14844587 14848641 14847398
1155,14847385 14844587 14848641 14847398
1156,14786237 15697082 14722731 14924977
1157,14844093 15705739 14854331 15699885
1158,14782903 15634620 15638402 15706300
1159,14786237 15697082 14722731 14924977
1160,14924216 14781104 14717848 14791612
1161,15709098 14716590 14924703 14779559
1162,14847385 14844587 14848641 14847398
1163,14783134 15697333 14854817 14925479
1164,14782903 15634620 15638402 15706300
1165,14847385 14844587 14848641 14847398
1166,14847385 14844587 14848641 14847398
1167,14856354 14844592
1168,14856354 14844592
1169,14847385 14844587 14848641 14847398
1170,14924216 14781104 14717848 14791612
1171,14856354 14844592
1172,14786237 15697082 14722731 14924977
1173,14782903 15634620 15638402 15706300
1174,14786237 15697082 14722731 14924977
1175,15710359 14847407 14845602 14859696
1176,14924216 14781104 14717848 14791612
1177,14847385 14844587 14848641 14847398
1178,14794687 14782344
1179,14924216 14781104 14717848 14791612
1180,14924216 14781104 14717848 14791612
1181,14847385 14844587 14848641 14847398
1182,15710359 14847407 14845602 14859696
1183,14786237 15697082 14722731 14924977
1184,14783134 15697333 14854817 14925479
1185,14844093 15705739 14854331 15699885
1186,14786237 15697082 14722731 14924977
1187,14783134 15697333 14854817 14925479
1188,14783134 15697333 14854817 14925479
1189,14858934 15636660 15704193 14849963
1190,15709098 14716590 14924703 14779559
1191,14847385 14844587 14848641 14847398
1192,14786237 15697082 14722731 14924977
1193,14856354 14844592
1194,14794687 14782344
1195,14786237 15697082 14722731 14924977
1196,14856354 14844592
1197,14783134 15697333 14854817 14925479
1198,14844093 15705739 14854331 15699885
1199,15710359 14847407 14845602 14859696
1200,14786237 15697082 14722731 14924977
1201,14786237 15697082 14722731 14924977
1202,14847385 14844587 14848641 14847398
1203,14924216 14781104 14717848 14791612
1204,14783134 15697333 14854817 14925479
1205,14786237 15697082 14722731 14924977
1206,14844093 15705739 14854331 15699885
1207,14786237 15697082 14722731 14924977
1208,14924216 14781104 14717848 14791612
1209,14783134 15697333 14854817 14925479
1210,14786237 15697082 14722731 14924977
1211,14856354 14844592
1212,14856354 14844592
1213,14847385 14844587 14848641 14847398
1214,14924216 14781104 14717848 14791612
1215,15632285 15706536 14721977 14925219
1216,14847385 14844587 14848641 14847398
1217,14783134 15697333 14854817 14925479
1218,14782903 15634620 15638402 15706300
1219,14782903 15634620 15638402 15706300
1220,14794687 14782344
1221,14786237 15697082 14722731 14924977
1222,14844093 15705739 14854331 15699885
1223,14786237 15697082 14722731 14924977
1224,14856354 14844592
1225,14856354 14844592
1226,14782903 15634620 15638402 15706300
1227,14783134 15697333 14854817 14925479
1228,14856354 14844592
1229,14847385 14844587 14848641 14847398
1230,14924216 14781104 14717848 14791612
1231,14786237 15697082 14722731 14924977
1232,14847385 14844587 14848641 14847398
1233,14847385 14844587 14848641 14847398
1234,14786237 15697082 14722731 14924977
1235,14783134 15697333 14854817 14925479
1236,15632285 15706536 14721977 14925219
1237,14783134 15697333 14854817 14925479
1238,14786237 15697082 14722731 14924977
1239,14924216 14781104 14717848 14791612
1240,14924216 14781104 14717848 14791612
1241,14924216 14781104 14717848 14791612
1242,14847385 14844587 14848641 14847398
1243,14924216 14781104 14717848 14791612
1244,14847385 14844587 14848641 14847398
1245,14783134 15697333 14854817 14925479
1246,14856354 14844592
1247,14783134 15697333 14854817 14925479
1248,14783134 15697333 14854817 14925479
1249,14844093 15705739 14854331 15699885
1250,14786237 15697082 14722731 14924977
1251,14856354 14844592
1252,14783134 15697333 14854817 14925479
1253,14783134 15697333 14854817 14925479
1254,14858934 15636660 15704193 14849963
1255,14783134 15697333 14854817 14925479
1256,14783134 15697333 14854817 14925479
1257,14924216 14781104 14717848 14791612
1258,14924216 14781104 14717848 14791612
1259,14794687 14782344
1260,14794687 14782344
1261,14844093 15705739 14854331 15699885
1262,14786237 15697082 14722731 14924977
1263,15630486 15702410 14718849 15709093
1264,14844593 14924945
1265,14924216 14781104 14717848 14791612
1266,14856354 14844592
1267,14924216 14781104 14717848 14791612
1268,14786237 15697082 14722731 14924977
1269,15630486 15702410 14718849 15709093
1270,14783134 15697333 14854817 14925479
1271,14924216 14781104 14717848 14791612
1272,15710359 14847407 14845602 14859696
1273,15630486 15702410 14718849 15709093
1274,14856354 14844592
1275,14924216 14781104 14717848 14791612
1276,14924216 14781104 14717848 14791612
1277,15709098 14716590 14924703 14779559
1278,14783134 15697333 14854817 14925479
1279,14856354 14844592
1280,14783134 15697333 14854817 14925479
1281,14847385 14844587 14848641 14847398
1282,14786237 15697082 14722731 14924977
1283,14782903 15634620 15638402 15706300
1284,15632285 15706536 14721977 14925219
1285,14924216 14781104 14717848 14791612
1286,14924216 14781104 14717848 14791612
1287,14924216 14781104 14717848 14791612
1288,14783134 15697333 14854817 14925479
1289,14856354 14844592
1290,15630486 15702410 14718849 15709093
1291,14786237 15697082 14722731 14924977
1292,14794687 14782344
1293,14844093 15705739 14854331 15699885
1294,14924216 14781104 14717848 14791612
1295,14782903 15634620 15638402 15706300
1296,14782903 15634620 15638402 15706300
1297,14844093 15705739 14854331 15699885
1298,15632285 15706536 14721977 14925219
1299,14782903 15634620 15638402 15706300
1300,14924216 14781104 14717848 14791612
1301,14786237 15697082 14722731 14924977
1302,14794687 14782344
1303,14794687 14782344
1304,14858934 15636660 15704193 14849963
1305,14847385 14844587 14848641 14847398
1306,14783134 15697333 14854817 14925479
1307,14924216 14781104 14717848 14791612
1308,15630486 15702410 14718849 15709093
1309,14847385 14844587 14848641 14847398
1310,14786237 15697082 14722731 14924977
1311,14783134 15697333 14854817 14925479
1312,14924216 14781104 14717848 14791612
1313,14783134 15697333 14854817 14925479
1314,14844093 15705739 14854331 15699885
1315,14856354 14844592
1316,14847385 14844587 14848641 14847398
1317,14856354 14844592
1318,15709098 14716590 14924703 14779559
1319,15709098 14716590 14924703 14779559
1320,14844093 15705739 14854331 15699885
1321,14924216 14781104 14717848 14791612
1322,14786237 15697082 14722731 14924977
1323,14924216 14781104 14717848 14791612
1324,14783134 15697333 14854817 14925479
1325,14856354 14844592
1326,14782903 15634620 15638402 15706300
1327,14856354 14844592
1328,14924216 14781104 14717848 14791612
1329,14783134 15697333 14854817 14925479
1330,14924216 14781104 14717848 14791612
1331,15630486 15702410 14718849 15709093
1332,14924216 14781104 14717848 14791612
1333,14786237 15697082 14722731 14924977
1334,14786237 15697082 14722731 14924977
1335,14783134 15697333 14854817 14925479
1336,15632285 15706536 14721977 14925219
1337,14783134 15697333 14854817 14925479
1338,14783134 15697333 14854817 14925479
1339,14783134 15697333 14854817 14925479
1340,15632285 15706536 14721977 14925219
1341,14726332 14728344 14854542 14844591
1342,14786237 15697082 14722731 14924977
1343,14856354 14844592
1344,14844093 15705739 14854331 15699885
1345,14782903 15634620 15638402 15706300
1346,14847385 14844587 14848641 14847398
1347,14783134 15697333 14854817 14925479
1348,15710359 14847407 14845602 14859696
1349,14924216 14781104 14717848 14791612
1350,14786237 15697082 14722731 14924977
1351,14924216 14781104 14717848 14791612
1352,14847385 14844587 14848641 14847398
1353,15630486 15702410 14718849 15709093
1354,14844093 15705739 14854331 15699885
1355,14783134 15697333 14854817 14925479
1356,14782903 15634620 15638402 15706300
1357,14782903 15634620 15638402 15706300
1358,14844093 15705739 14854331 15699885
1359,14856354 14844592
1360,14786237 15697082 14722731 14924977
1361,14783134 15697333 14854817 14925479
1362,15632285 15706536 14721977 14925219
1363,14856354 14844592
1364,14924216 14781104 14717848 14791612
1365,14783134 15697333 14854817 14925479
1366,14844093 15705739 14854331 15699885
1367,15632285 15706536 14721977 14925219
1368,14783134 15697333 14854817 14925479
1369,14844093 15705739 14854331 15699885
1370,14782903 15634620 15638402 15706300
1371,14924216 14781104 14717848 14791612
1372,14783134 15697333 14854817 14925479
1373,14924216 14781104 14717848 14791612
1374,14783134 15697333 14854817 14925479
1375,14786237 15697082 14722731 14924977
1376,14847385 14844587 14848641 14847398
1377,15630486 15702410 14718849 15709093
1378,14924216 14781104 14717848 14791612
1379,14856354 14844592
1380,14783134 15697333 14854817 14925479
1381,14794687 14782344
1382,14924216 14781104 14717848 14791612
1383,14924216 14781104 14717848 14791612
1384,14782903 15634620 15638402 15706300
1385,14786237 15697082 14722731 14924977
1386,15630486 15702410 14718849 15709093
1387,14847385 14844587 14848641 14847398
1388,14786237 15697082 14722731 14924977
1389,14924216 14781104 14717848 14791612
1390,14783134 15697333 14854817 14925479
1391,14847385 14844587 14848641 14847398
1392,14924216 14781104 14717848 14791612
1393,14856354 14844592
1394,14794687 14782344
1395,14794687 14782344
1396,14786237 15697082 14722731 14924977
1397,14924216 14781104 14717848 14791612
1398,15710359 14847407 14845602 14859696
1399,15632285 15706536 14721977 14925219
1400,14786237 15697082 14722731 14924977
1401,14786237 15697082 14722731 14924977
1402,14786237 15697082 14722731 14924977
1403,14794687 14782344
1404,14924216 14781104 14717848 14791612
1405,15630486 15702410 14718849 15709093
1406,14856354 14844592
1407,14924216 14781104 14717848 14791612
1408,14783134 15697333 14854817 14925479
1409,15709098 14716590 14924703 14779559
1410,14856354 14844592
1411,14786237 15697082 14722731 14924977
1412,14783134 15697333 14854817 14925479
1413,14924216 14781104 14717848 14791612
1414,14844593 14924945
1415,14847385 14844587 14848641 14847398
1416,15630486 15702410 14718849 15709093
1417,15632285 15706536 14721977 14925219
1418,14783134 15697333 14854817 14925479
1419,14783134 15697333 14854817 14925479
1420,14786237 15697082 14722731 14924977
1421,14856354 14844592
1422,14783134 15697333 14854817 14925479
1423,14783134 15697333 14854817 14925479
1424,14924216 14781104 14717848 14791612
1425,14847385 14844587 14848641 14847398
1426,15630486 15702410 14718849 15709093
1427,14783134 15697333 14854817 14925479
1428,14782903 15634620 15638402 15706300
1429,14924216 14781104 14717848 14791612
1430,15710359 14847407 14845602 14859696
1431,14924216 14781104 14717848 14791612
1432,14856354 14844592
1433,15630486 15702410 14718849 15709093
1434,15632285 15706536 14721977 14925219
1435,14786237 15697082 14722731 14924977
1436,14856354 14844592
1437,14794687 14782344
1438,14786237 15697082 14722731 14924977
1439,15632285 15706536 14721977 14925219
1440,14847385 14844587 14848641 14847398
1441,14726332 14728344 14854542 14844591
1442,14794687 14782344
1443,14783134 15697333 14854817 14925479
1444,14856354 14844592
1445,14783134 15697333 14854817 14925479
1446,14856354 14844592
1447,14782903 15634620 15638402 15706300
1448,14783134 15697333 14854817 14925479
1449,15630486 15702410 14718849 15709093
1450,14783134 15697333 14854817 14925479
1451,14844093 15705739 14854331 15699885
1452,14847385 14844587 14848641 14847398
1453,14794687 14782344
1454,14786237 15697082 14722731 14924977
1455,14847385 14844587 14848641 14847398
1456,14847385 14844587 14848641 14847398
1457,14783134 15697333 14854817 14925479
1458,14782903 15634620 15638402 15706300
1459,14924216 14781104 14717848 14791612
1460,14844093 15705739 14854331 15699885
1461,14847385 14844587 14848641 14847398
1462,14783134 15697333 14854817 14925479
1463,14847385 14844587 14848641 14847398
1464,14856354 14844592
1465,14782903 15634620 15638402 15706300
1466,14856354 14844592
1467,15632285 15706536 14721977 14925219
1468,14856354 14844592
1469,14783134 15697333 14854817 14925479
1470,14786237 15697082 14722731 14924977
1471,14924216 14781104 14717848 14791612
1472,15630486 15702410 14718849 15709093
1473,14858934 15636660 15704193 14849963
1474,14924216 14781104 14717848 14791612
1475,14783134 15697333 14854817 14925479
1476,14924216 14781104 14717848 14791612
1477,14783134 15697333 14854817 14925479
1478,15710359 14847407 14845602 14859696
1479,14847385 14844587 14848641 14847398
1480,14924216 14781104 14717848 14791612
1481,14844093 15705739 14854331 15699885
1482,14783134 15697333 14854817 14925479
1483,15630486 15702410 14718849 15709093
1484,14847385 14844587 14848641 14847398
1485,15709098 14716590 14924703 14779559
1486,14786237 15697082 14722731 14924977
1487,14924216 14781104 14717848 14791612
1488,14783134 15697333 14854817 14925479
1489,14786237 15697082 14722731 14924977
1490,14786237 15697082 14722731 14924977
1491,14726332 14728344 14854542 14844591
1492,14856354 14844592
1493,15709098 14716590 14924703 14779559
1494,14786237 15697082 14722731 14924977
1495,14924216 14781104 14717848 14791612
1496,14786237 15697082 14722731 14924977
1497,14786237 15697082 14722731 14924977
1498,14783134 15697333 14854817 14925479
1499,14786237 15697082 14722731 14924977
1500,14786237 15697082 14722731 14924977
1501,14783134 15697333 14854817 14925479
1502,14847385 14844587 14848641 14847398
1503,14782903 15634620 15638402 15706300
1504,14924216 14781104 14717848 14791612
1505,14782903 15634620 15638402 15706300
1506,14924216 14781104 14717848 14791612
1507,14856354 14844592
1508,14924216 14781104 14717848 14791612
1509,14844093 15705739 14854331 15699885
1510,14783134 15697333 14854817 14925479
1511,14786237 15697082 14722731 14924977
1512,14786237 15697082 14722731 14924977
1513,14856354 14844592
1514,14786237 15697082 14722731 14924977
1515,14786237 15697082 14722731 14924977
1516,14726332 14728344 14854542 14844591
1517,14786237 15697082 14722731 14924977
1518,14924216 14781104 14717848 14791612
1519,14847385 14844587 14848641 14847398
1520,15630486 15702410 14718849 15709093
1521,14786237 15697082 14722731 14924977
1522,15630486 15702410 14718849 15709093
1523,14786237 15697082 14722731 14924977
1524,14856354 14844592
1525,14924216 14781104 14717848 14791612
1526,14924216 14781104 14717848 14791612
1527,15630486 15702410 14718849 15709093
1528,14782903 15634620 15638402 15706300
1529,14783134 15697333 14854817 14925479
1530,14858934 15636660 15704193 14849963
1531,14924216 14781104 14717848 14791612
1532,14856354 14844592
1533,15632285 15706536 14721977 14925219
1534,14856354 14844592
1535,14786237 15697082 14722731 14924977
1536,14786237 15697082 14722731 14924977
1537,14924216 14781104 14717848 14791612
1538,15709098 14716590 14924703 14779559
1539,14858934 15636660 15704193 14849963
1540,14847385 14844587 14848641 14847398
1541,14786237 15697082 14722731 14924977
1542,14783134 15697333 14854817 14925479
1543,15630486 15702410 14718849 15709093
1544,14782903 15634620 15638402 15706300
1545,14794687 14782344
1546,14783134 15697333 14854817 14925479
1547,14844093 15705739 14854331 15699885
1548,14924216 14781104 14717848 14791612
1549,15630486 15702410 14718849 15709093
1550,14924216 14781104 14717848 14791612
1551,14844093 15705739 14854331 15699885
1552,14844093 15705739 14854331 15699885
1553,14924216 14781104 14717848 14791612
1554,14924216 14781104 14717848 14791612
1555,15632285 15706536 14721977 14925219
1556,14786237 15697082 14722731 14924977
1557,14924216 14781104 14717848 14791612
1558,14924216 14781104 14717848 14791612
1559,14844093 15705739 14854331 15699885
1560,14783134 15697333 14854817 14925479
1561,14856354 14844592
1562,15630486 15702410 14718849 15709093
1563,14844093 15705739 14854331 15699885
1564,14794687 14782344
1565,14856354 14844592
1566,14786237 15697082 14722731 14924977
1567,14783134 15697333 14854817 14925479
1568,14924216 14781104 14717848 14791612
1569,14783134 15697333 14854817 14925479
1570,14782903 15634620 15638402 15706300
1571,14782903 15634620 15638402 15706300
1572,15630486 15702410 14718849 15709093
1573,15630486 15702410 14718849 15709093
1574,14856354 14844592
1575,14783134 15697333 14854817 14925479
1576,14924216 14781104 14717848 14791612
1577,14782903 15634620 15638402 15706300
1578,14782903 15634620 15638402 15706300
1579,14786237 15697082 14722731 14924977
1580,14847385 14844587 14848641 14847398
1581,14786237 15697082 14722731 14924977
1582,14847385 14844587 14848641 14847398
1583,14783134 15697333 14854817 14925479
1584,14786237 15697082 14722731 14924977
1585,14786237 15697082 14722731 14924977
1586,14786237 15697082 14722731 14924977
1587,14847385 14844587 14848641 14847398
1588,14924216 14781104 14717848 14791612
1589,14844593 14924945
1590,14786237 15697082 14722731 14924977
1591,14786237 15697082 14722731 14924977
1592,14856354 14844592
1593,14856354 14844592
1594,14783134 15697333 14854817 14925479
1595,14924216 14781104 14717848 14791612
1596,14783134 15697333 14854817 14925479
1597,14847385 14844587 14848641 14847398
1598,14783134 15697333 14854817 14925479
1599,14783134 15697333 14854817 14925479
1600,14786237 15697082 14722731 14924977
1601,14782903 15634620 15638402 15706300
1602,14794687 14782344
1603,14726332 14728344 14854542 14844591
1604,14786237 15697082 14722731 14924977
1605,14794687 14782344
1606,15632285 15706536 14721977 14925219
1607,14856354 14844592
1608,14856354 14844592
1609,14786237 15697082 14722731 14924977
1610,14924216 14781104 14717848 14791612
1611,14847385 14844587 14848641 14847398
1612,14924216 14781104 14717848 14791612
1613,14858934 15636660 15704193 14849963
1614,14782903 15634620 15638402 15706300
1615,14783134 15697333 14854817 14925479
1616,14924216 14781104 14717848 14791612
1617,15632285 15706536 14721977 14925219
1618,14786237 15697082 14722731 14924977
1619,14925756 15639967 14853254 14728639
1620,14786237 15697082 14722731 14924977
1621,14726332 14728344 14854542 14844591
1622,14794687 14782344
1623,15630486 15702410 14718849 15709093
1624,15632285 15706536 14721977 14925219
1625,14924216 14781104 14717848 14791612
1626,14844093 15705739 14854331 15699885
1627,14786237 15697082 14722731 14924977
1628,14783134 15697333 14854817 14925479
1629,14786237 15697082 14722731 14924977
1630,14856354 14844592
1631,15630486 15702410 14718849 15709093
1632,14786237 15697082 14722731 14924977
1633,14783134 15697333 14854817 14925479
1634,14856354 14844592
1635,14786237 15697082 14722731 14924977
1636,14786237 15697082 14722731 14924977
1637,14924216 14781104 14717848 14791612
1638,14783134 15697333 14854817 14925479
1639,15630486 15702410 14718849 15709093
1640,14786237 15697082 14722731 14924977
1641,15630486 15702410 14718849 15709093
1642,14786237 15697082 14722731 14924977
1643,14858934 15636660 15704193 14849963
1644,14783134 15697333 14854817 14925479
1645,14924216 14781104 14717848 14791612
1646,14786237 15697082 14722731 14924977
1647,14924216 14781104 14717848 14791612
1648,14782903 15634620 15638402 15706300
1649,14844093 15705739 14854331 15699885
1650,14844093 15705739 14854331 15699885
1651,14844093 15705739 14854331 15699885
1652,14847385 14844587 14848641 14847398
1653,15632285 15706536 14721977 14925219
1654,14786237 15697082 14722731 14924977
1655,14786237 15697082 14722731 14924977
1656,14786237 15697082 14722731 14924977
1657,14844093 15705739 14854331 15699885
1658,14726332 14728344 14854542 14844591
1659,14783134 15697333 14854817 14925479
1660,14844093 15705739 14854331 15699885
1661,14794687 14782344
1662,14794687 14782344
1663,14924216 14781104 14717848 14791612
1664,15710359 14847407 14845602 14859696
1665,14783134 15697333 14854817 14925479
1666,15630486 15702410 14718849 15709093
1667,15710359 14847407 14845602 14859696
1668,14782903 15634620 15638402 15706300
1669,14924216 14781104 14717848 14791612
1670,14858934 15636660 15704193 14849963
1671,14924216 14781104 14717848 14791612
1672,14847385 14844587 14848641 14847398
1673,14786237 15697082 14722731 14924977
1674,14783134 15697333 14854817 14925479
1675,14847385 14844587 14848641 14847398
1676,14924216 14781104 14717848 14791612
1677,14844093 15705739 14854331 15699885
1678,15632285 15706536 14721977 14925219
1679,14847385 14844587 14848641 14847398
1680,14783134 15697333 14854817 14925479
1681,14794687 14782344
1682,14783134 15697333 14854817 14925479
1683,14844093 15705739 14854331 15699885
1684,14844093 15705739 14854331 15699885
1685,14847385 14844587 14848641 14847398
1686,14844093 15705739 14854331 15699885
1687,14847385 14844587 14848641 14847398
1688,14783134 15697333 14854817 14925479
1689,14782903 15634620 15638402 15706300
1690,15630486 15702410 14718849 15709093
1691,14783134 15697333 14854817 14925479
1692,14924216 14781104 14717848 14791612
1693,15632285 15706536 14721977 14925219
1694,14786237 15697082 14722731 14924977
1695,14856354 14844592
1696,14856354 14844592
1697,14794687 14782344
1698,14925756 15639967 14853254 14728639
1699,14856354 14844592
1700,14786237 15697082 14722731 14924977
1701,14794687 14782344
1702,15630486 15702410 14718849 15709093
1703,14856354 14844592
1704,14856354 14844592
1705,14794687 14782344
1706,14847385 14844587 14848641 14847398
1707,14847385 14844587 14848641 14847398
1708,14844093 15705739 14854331 15699885
1709,14856354 14844592
1710,14794687 14782344
1711,14794687 14782344
1712,14924216 14781104 14717848 14791612
1713,14856354 14844592
1714,14847385 14844587 14848641 14847398
1715,14847385 14844587 14848641 14847398
1716,14924216 14781104 14717848 14791612
1717,14783134 15697333 14854817 14925479
1718,14924216 14781104 14717848 14791612
1719,14924216 14781104 14717848 14791612
1720,14844093 15705739 14854331 15699885
1721,14847385 14844587 14848641 14847398
1722,14786237 15697082 14722731 14924977
1723,14924216 14781104 14717848 14791612
1724,14856354 14844592
1725,14924216 14781104 14717848 14791612
1726,14844093 15705739 14854331 15699885
1727,14786237 15697082 14722731 14924977
1728,15709098 14716590 14924703 14779559
1729,14786237 15697082 14722731 14924977
1730,14782903 15634620 15638402 15706300
1731,14786237 15697082 14722731 14924977
1732,14924216 14781104 14717848 14791612
1733,14786237 15697082 14722731 14924977
1734,15710359 14847407 14845602 14859696
1735,14856354 14844592
1736,14924216 14781104 14717848 14791612
1737,14858934 15636660 15704193 14849963
1738,14782903 15634620 15638402 15706300
1739,14924216 14781104 14717848 14791612
1740,14856354 14844592
1741,14783134 15697333 14854817 14925479
1742,15709098 14716590 14924703 14779559
1743,14924216 14781104 14717848 14791612
1744,14847385 14844587 14848641 14847398
1745,14783134 15697333 14854817 14925479
1746,15632285 15706536 14721977 14925219
1747,14856354 14844592
1748,14847385 14844587 14848641 14847398
1749,14783134 15697333 14854817 14925479
1750,14924216 14781104 14717848 14791612
1751,14856354 14844592
1752,14924216 14781104 14717848 14791612
1753,14847385 14844587 14848641 14847398
1754,14924216 14781104 14717848 14791612
1755,14924216 14781104 14717848 14791612
1756,14786237 15697082 14722731 14924977
1757,14924216 14781104 14717848 14791612
1758,14924216 14781104 14717848 14791612
1759,14847385 14844587 14848641 14847398
1760,14844093 15705739 14854331 15699885
1761,14782903 15634620 15638402 15706300
1762,15632285 15706536 14721977 14925219
1763,15630486 15702410 14718849 15709093
1764,14856354 14844592
1765,14786237 15697082 14722731 14924977
1766,14856354 14844592
1767,15632285 15706536 14721977 14925219
1768,14924216 14781104 14717848 14791612
1769,14924216 14781104 14717848 14791612
1770,15630486 15702410 14718849 15709093
1771,14786237 15697082 14722731 14924977
1772,14847385 14844587 14848641 14847398
1773,14856354 14844592
1774,14847385 14844587 14848641 14847398
1775,14786237 15697082 14722731 14924977
1776,14786237 15697082 14722731 14924977
1777,14924216 14781104 14717848 14791612
1778,14794687 14782344
1779,14847385 14844587 14848641 14847398
1780,14847385 14844587 14848641 14847398
1781,14786237 15697082 14722731 14924977
1782,14924216 14781104 14717848 14791612
1783,14847385 14844587 14848641 14847398
1784,14786237 15697082 14722731 14924977
1785,15632285 15706536 14721977 14925219
1786,14786237 15697082 14722731 14924977
1787,14786237 15697082 14722731 14924977
1788,14783134 15697333 14854817 14925479
1789,14783134 15697333 14854817 14925479
1790,14856354 14844592
1791,14782903 15634620 15638402 15706300
1792,15709098 14716590 14924703 14779559
1793,14844093 15705739 14854331 15699885
1794,14847385 14844587 14848641 14847398
1795,14786237 15697082 14722731 14924977
1796,14783134 15697333 14854817 14925479
1797,14786237 15697082 14722731 14924977
1798,14924216 14781104 14717848 14791612
1799,14786237 15697082 14722731 14924977
